Title,Company,Location,Date,URL,ID
Summer 2019 Data Science Newsroom Internship at The Wall Street Journal,Dow Jones,"New York, NY 10176 (Murray Hill area)",30+ days ago,https://www.indeed.com/viewjob?jk=dd0b79100dd35040,jl_dd0b79100dd35040
Summer 2019 WSJ Membership - Data Science & Analytics Internship,Dow Jones,"New York, NY 10176 (Murray Hill area)",30+ days ago,https://www.indeed.com/viewjob?jk=2df89aa305a1c4d8,jl_2df89aa305a1c4d8
2019 Spring Internship Program,Tampa Bay Buccaneers,"Tampa, FL",13 days ago,https://www.indeed.com/viewjob?jk=a5146dd22bf1b43d,jl_a5146dd22bf1b43d
Social Media Internship,Signet Jewelers,"Akron, OH",1 day ago,https://www.indeed.com/viewjob?jk=107ece24351e2e5c,jl_107ece24351e2e5c
"Production Internship, Longhorn Network - ESPN - Spring 2019",ESPN,"Austin, TX",6 days ago,https://www.indeed.com/viewjob?jk=89b2c6ed761b0e40,jl_89b2c6ed761b0e40
"Analytics & Insights Internship, Spring 2019",Weber Shandwick,"Washington, DC 20005 (Logan Circle area)",5 days ago,https://www.indeed.com/viewjob?jk=05c40f2904af6963,jl_05c40f2904af6963
"Analytics & Insights Internship, Spring 2019",Powell Tate,"Washington, DC 20001 (Shaw area)",5 days ago,https://www.indeed.com/viewjob?jk=21c9bd573c70e725,jl_21c9bd573c70e725
"Writing, Social Media Internship",Entity,"Los Angeles, CA 90079",13 days ago,https://www.indeed.com/viewjob?jk=044fce55a79eeb6c,jl_044fce55a79eeb6c
"Symitar Technical Writer, Summer 2019 Internship",Jack Henry,"San Diego, CA 92123",1 hour ago,https://www.indeed.com/viewjob?jk=fbae903a32e86aa6,jl_fbae903a32e86aa6
Product Documentation Intern,Sony Interactive Entertainment PlayStation,"San Mateo, CA",13 hours ago,https://www.indeed.com/viewjob?jk=36205401334030d3,jl_36205401334030d3
Daily Deep Dive Internship,TEGNA,"Columbia, SC",7 days ago,https://www.indeed.com/viewjob?jk=cd1bb5bbccc54e83,jl_cd1bb5bbccc54e83
Communications Associate Internship,Relentless Awareness,"Albany, NY 12210 (Central Avenue area)",2 days ago,https://www.indeed.com/viewjob?jk=f3c91857c2a30b6e,jl_f3c91857c2a30b6e
"Symitar Technical Writer, Summer 2019 Internship","Jack Henry and Associates, Inc.","San Diego, CA",4 hours ago,https://www.indeed.com/viewjob?jk=4f70225a1e72af8d,jl_4f70225a1e72af8d
Investigations Unit Intern - Winter/Spring 2019,NPR,"Washington, DC",21 days ago,https://www.indeed.com/viewjob?jk=5803c79e392dbbc6,jl_5803c79e392dbbc6
NASCAR Diversity Internship Program - Hispanic & Multicultural,NASCAR,"Charlotte, NC",30+ days ago,https://www.indeed.com/viewjob?jk=815d6c1483a387a6,jl_815d6c1483a387a6
Metro Reporting Internship - Summer 2019,"Star Tribune Media Company, LLC.","Minneapolis, MN",30+ days ago,https://www.indeed.com/viewjob?jk=44313c7c3eed2d9c,jl_44313c7c3eed2d9c
eCommerce Team Internship,Leica Geosystems AG - Part of Hexagon,"Newport, RI",11 days ago,https://www.indeed.com/viewjob?jk=9c73e065a11a343a,jl_9c73e065a11a343a
Intern - Communications,City of Santa Clarita,"Santa Clarita, CA",12 days ago,https://www.indeed.com/viewjob?jk=5b6596b0e64d9095,jl_5b6596b0e64d9095
Online Marketing and Promotions Internship,Shedd Aquarium,"Chicago, IL",30+ days ago,https://www.indeed.com/viewjob?jk=60e1a146f5c44321,jl_60e1a146f5c44321
"2019 Communications Internship-Augusta, GA",Textron Specialized Vehicles,"Augusta, GA",12 days ago,https://www.indeed.com/viewjob?jk=786fc9e511bf0460,jl_786fc9e511bf0460
Business Reporting Internship - Summer 2019,"Star Tribune Media Company, LLC.","Minneapolis, MN",30+ days ago,https://www.indeed.com/viewjob?jk=dc433dea12f1c757,jl_dc433dea12f1c757
"WNYC Newsroom Internship, Spring 2019",New York Public Radio,"New York, NY 10036",13 days ago,https://www.indeed.com/viewjob?jk=72d44b4ccfd6e0ef,jl_72d44b4ccfd6e0ef
Summer 2019 Graphics Internship with The Wall Street Journal,Dow Jones,"New York, NY 10176 (Murray Hill area)",30+ days ago,https://www.indeed.com/viewjob?jk=3b0ff396fffa150d,jl_3b0ff396fffa150d
Digital Marketing Internship,Trinet Internet Solutions Inc.,"Irvine, CA 92618",17 days ago,https://www.indeed.com/viewjob?jk=d72bf55daede6300,jl_d72bf55daede6300
Digital Platforms Intern,Detroit Public Television,"Wixom, MI 48393",3 hours ago,https://www.indeed.com/viewjob?jk=9b5d93100e554dda,jl_9b5d93100e554dda
Summer Intern,Osborn Barr l Paramore,"St. Louis, MO 63102 (Near North Riverfront area)",15 days ago,https://www.indeed.com/viewjob?jk=e19e7de68b6d5e40,jl_e19e7de68b6d5e40
Social Media Intern - Gainesville,UF Health Shands Hospital,"Gainesville, FL",30+ days ago,https://www.indeed.com/viewjob?jk=fbc259d3e1be43e4,jl_fbc259d3e1be43e4
Summer 2019 News Design Internship with The Wall Street Journal,Dow Jones,"New York, NY 10176 (Murray Hill area)",30+ days ago,https://www.indeed.com/viewjob?jk=d2900126f937c780,jl_d2900126f937c780
"Project Lead, Data Integrity",USC,"Los Angeles, CA",30+ days ago,https://www.indeed.com/viewjob?jk=5a7acf56e29a384d,jl_5a7acf56e29a384d
S&P Global Platts 2019 Commodity Associate Program Summer Internship,S&P Global,"Houston, TX",30+ days ago,https://www.indeed.com/viewjob?jk=cca2ab931b584f40,jl_cca2ab931b584f40
S&P Global Platts 2019 Commodity Associate Program Summer Internship,PLATTS,"Houston, TX 77002 (Downtown area)",30+ days ago,https://www.indeed.com/viewjob?jk=9882434552ea3fab,jl_9882434552ea3fab
Creative Services Intern,Miami HEAT,"Miami, FL 33132 (Downtown area)",30+ days ago,https://www.indeed.com/viewjob?jk=e39af4d2ca6c1121,jl_e39af4d2ca6c1121
"Historical Research, part-time, Paid Intern for 6 months",The Church of Jesus Christ of Latter-day Saints,"Salt Lake City, UT 84150 (Capitol Hill area)",19 days ago,https://www.indeed.com/viewjob?jk=25c9f0a4a471041a,jl_25c9f0a4a471041a
Audience Research & Analysis Internship Spring 2019 - Universal City,NBCUniversal,"Universal City, CA",30+ days ago,https://www.indeed.com/viewjob?jk=2454404696d8fecc,jl_2454404696d8fecc
Research Intern,World Education Services,"New York, NY 10004 (Financial District area)",27 days ago,https://www.indeed.com/viewjob?jk=763a444f8cba82c8,jl_763a444f8cba82c8
NPR Music Social & Partnerships Intern - Winter/Spring 2019,NPR,"Washington, DC",18 days ago,https://www.indeed.com/viewjob?jk=650de2eff11b42a7,jl_650de2eff11b42a7
"User Experience Writer Intern, Summer 2018",Google,"New York, NY 10011 (Chelsea area)",22 days ago,https://www.indeed.com/viewjob?jk=8d2e7f862703a730,jl_8d2e7f862703a730
Reporter,Arizona Daily Star,"Tucson, AZ",19 days ago,https://www.indeed.com/viewjob?jk=ad7dd1c1bcb7477d,jl_ad7dd1c1bcb7477d
Digital Producer Internship - Summer 2019,"Star Tribune Media Company, LLC.","Minneapolis, MN",30+ days ago,https://www.indeed.com/viewjob?jk=b395928118db4291,jl_b395928118db4291
Annuity Marketing Internship,Ameriprise Financial,"Minneapolis, MN",30+ days ago,https://www.indeed.com/viewjob?jk=dd41498cf48169b2,jl_dd41498cf48169b2
Percussion Intern,Yamaha,"Buena Park, CA 90620",30+ days ago,https://www.indeed.com/viewjob?jk=45baa9672609bf73,jl_45baa9672609bf73
"Social Media Global Threat Detection Intern, CORP - Spring 2019",Sony Pictures Entertainment Inc.,"Culver City, CA 90232",8 days ago,https://www.indeed.com/viewjob?jk=08f0424095ffb811,jl_08f0424095ffb811
Digital Marketing Intern,Level Ten Interactive,"Dallas, TX",10 days ago,https://www.indeed.com/viewjob?jk=7e40603c66508b0b,jl_7e40603c66508b0b
"Intern, Online/Digital Products",SAGE Publishing,"Thousand Oaks, CA",30+ days ago,https://www.indeed.com/viewjob?jk=8105f17a284f1fd0,jl_8105f17a284f1fd0
Customer Experience Research Intern,E source,"Boulder, CO",30+ days ago,https://www.indeed.com/viewjob?jk=0b0a4e008d731818,jl_0b0a4e008d731818
Spring Advancement Intern,Music for All,"Indianapolis, IN 46225",20 days ago,https://www.indeed.com/viewjob?jk=c5dab6024101d977,jl_c5dab6024101d977
"Intern Sales Specialty/eCommerc - Phoenix, AZ",FedEx Services,"Phoenix, AZ",16 hours ago,https://www.indeed.com/viewjob?jk=eeab902ab3214f18,jl_eeab902ab3214f18
Box Office Sales Internship - Summer 2019,Kalamazoo Growlers Baseball,"Kalamazoo, MI",28 days ago,https://www.indeed.com/viewjob?jk=b623ca5ec2bcd3b7,jl_b623ca5ec2bcd3b7
Community Management Intern,Fuel Cycle,"Los Angeles, CA",30+ days ago,https://www.indeed.com/viewjob?jk=b03a1eaaf857b196,jl_b03a1eaaf857b196
Intern- Marketing/Public Affairs,Federal Reserve Bank of Chicago,"Chicago, IL",23 days ago,https://www.indeed.com/viewjob?jk=ec910614c6dec5ad,jl_ec910614c6dec5ad
Digital Communications Intern,Akamai,"Cambridge, MA 02139 (Area IV area)",1 day ago,https://www.indeed.com/viewjob?jk=7f3e207f8f596a0c,jl_7f3e207f8f596a0c
"Intern Sales Specialty/eCommerce - Pittsburgh, PA",FedEx Services,"Pittsburgh, PA",16 hours ago,https://www.indeed.com/viewjob?jk=b4d4a6399faa4e50,jl_b4d4a6399faa4e50
Summer 2019 Research Internships,Federal Reserve Bank of St. Louis,"St. Louis, MO",30+ days ago,https://www.indeed.com/viewjob?jk=6513651d0914d55f,jl_6513651d0914d55f
2019 Summer Intern - Communications,Bell Flight,"Fort Worth, TX",30+ days ago,https://www.indeed.com/viewjob?jk=dbf5ba790add4c17,jl_dbf5ba790add4c17
Marketing Intern,CNO Financial Group,"Carmel, IN",7 days ago,https://www.indeed.com/viewjob?jk=374204d1632a600c,jl_374204d1632a600c
INTERN - Marketing,"Altec Industries, Inc.","Birmingham, AL 35242",12 days ago,https://www.indeed.com/viewjob?jk=aff48a58cb607eb6,jl_aff48a58cb607eb6
"Intern, Social Media",AccuWeather,"State College, PA",13 days ago,https://www.indeed.com/viewjob?jk=dc764dc7ff136e2e,jl_dc764dc7ff136e2e
"2019 Summer Intern - Communications (Amarillo, TX)",Bell Flight,"Fort Worth, TX",30+ days ago,https://www.indeed.com/viewjob?jk=36ad227e0f8e7183,jl_36ad227e0f8e7183
Marketing Intern,Trinet Internet Solutions Inc.,"Irvine, CA 92618",30+ days ago,https://www.indeed.com/viewjob?jk=fd9b271fefa8abdd,jl_fd9b271fefa8abdd
Intern - Content Marketing,BECU,"Tukwila, WA",7 days ago,https://www.indeed.com/viewjob?jk=dfd91b2abcdd95f8,jl_dfd91b2abcdd95f8
Reporter,The Charlotte Observer,"Charlotte, NC 28202 (Downtown Charlotte area)",30+ days ago,https://www.indeed.com/viewjob?jk=82655d44ebf517bd,jl_82655d44ebf517bd
Content Design Intern,HomeAway,"Austin, TX",30+ days ago,https://www.indeed.com/viewjob?jk=e62d15707308739e,jl_e62d15707308739e
Staff Consultant - Public Affairs Specialist (Entry Level),ERM Group,"Richmond, VA",15 hours ago,https://www.indeed.com/viewjob?jk=fb8d5132fb0ba794,jl_fb8d5132fb0ba794
Breaking news reporter,The Charlotte Observer,"Charlotte, NC 28202 (Downtown Charlotte area)",30+ days ago,https://www.indeed.com/viewjob?jk=a5a6ba6b81aab454,jl_a5a6ba6b81aab454
Marketing Intern,Saval Foods Corporation,"Elkridge, MD 21075",30+ days ago,https://www.indeed.com/viewjob?jk=a965af06ad384952,jl_a965af06ad384952
"2019 Summer Internships - Marketing, Sales, Operations and Social Media",Somerset Patriots Baseball Team,"Bridgewater, NJ",1 day ago,https://www.indeed.com/viewjob?jk=02462e5d470679ce,jl_02462e5d470679ce
Social Media Intern,The Child & Family Guidance Center,"Bridgeport, CT",6 days ago,https://www.indeed.com/viewjob?jk=c5ca5c9590eb2bc1,jl_c5ca5c9590eb2bc1
"NEA Communications Summer 2019 Intern (Stipend, 5 Positions)",National Education Association (NEA),"Washington, DC",8 days ago,https://www.indeed.com/viewjob?jk=ce6444f54e6b4c2e,jl_ce6444f54e6b4c2e
Intern - Communications,Newmont Mining,"Greenwood Village, CO 80111",30+ days ago,https://www.indeed.com/viewjob?jk=c854eb20159e8350,jl_c854eb20159e8350
Intern Interest - HR & Marketing,Big Red Dog,"Austin, TX",13 days ago,https://www.indeed.com/viewjob?jk=aed63f9212b4dc9c,jl_aed63f9212b4dc9c
Institutional Giving Intern - Winter/Spring 2019,NPR,"Washington, DC",21 days ago,https://www.indeed.com/viewjob?jk=1a5a62d48b943ff1,jl_1a5a62d48b943ff1
Public Affairs Specialist (Entry Level),ERM Group,"Minneapolis, MN",14 days ago,https://www.indeed.com/viewjob?jk=171589df8bc5c0b2,jl_171589df8bc5c0b2
Communications Intern 2018/2019,State of Colorado Job Opportunities,Colorado,30+ days ago,https://www.indeed.com/viewjob?jk=9ea61c6b9f3b8a5e,jl_9ea61c6b9f3b8a5e
Content Manager,FLM Harvest,"Minneapolis, MN",30+ days ago,https://www.indeed.com/viewjob?jk=5c495a4cace600d5,jl_5c495a4cace600d5
Digital Communications Intern,McGraw-Hill Education,"Columbus, OH 43201 (Weinland Park area)",30+ days ago,https://www.indeed.com/viewjob?jk=ebb705740afa3ca4,jl_ebb705740afa3ca4
"Intern, Outreach and Community Engagement",WETA,"Arlington, VA 22206 (Fairlington-Shirlington area)",30+ days ago,https://www.indeed.com/viewjob?jk=dcfae4d0015baf5c,jl_dcfae4d0015baf5c
"MLB Prospect Development Pipeline (PDP), Engagement Intern",USA Baseball,"Durham, NC",30+ days ago,https://www.indeed.com/viewjob?jk=1d1a7ebd0fc0a757,jl_1d1a7ebd0fc0a757
Intern - Online Strategy/Web Analytics 1,Trinet Internet Solutions Inc.,"Irvine, CA 92618",17 days ago,https://www.indeed.com/viewjob?jk=9db58de9dd00e158,jl_9db58de9dd00e158
Social Media Marketing Intern,Chef'd,"El Segundo, CA 90245",30+ days ago,https://www.indeed.com/viewjob?jk=30745c5707428382,jl_30745c5707428382
Autoweek Editorial Intern,Crain Communications,"Detroit, MI 48207 (Elmwood Park area)",25 days ago,https://www.indeed.com/viewjob?jk=21ec9490c475c03e,jl_21ec9490c475c03e
IT Intern - Communications Analyst,Federal Reserve Board of Governors,"Washington, DC",19 days ago,https://www.indeed.com/viewjob?jk=e8c145e0730b1047,jl_e8c145e0730b1047
Email Content Specialist - Shape,Meredith Corporation,"Des Moines, IA 50309 (Downtown area)",30+ days ago,https://www.indeed.com/viewjob?jk=9594c1be6bfee314,jl_9594c1be6bfee314
Corporate Communications Intern,comScore,"New York, NY",15 days ago,https://www.indeed.com/viewjob?jk=8069495f17134e28,jl_8069495f17134e28
Youth Solutions Intern,Kinexus,"Benton Harbor, MI 49022",30+ days ago,https://www.indeed.com/viewjob?jk=c26273fb47095164,jl_c26273fb47095164
"Account Coordinator, New Business & Tourism",Ketchum,"New York, NY",30+ days ago,https://www.indeed.com/viewjob?jk=4a7267f8017ce69b,jl_4a7267f8017ce69b
Account Management Intern (Post Graduate),Ketchum,"Chicago, IL 60601 (Loop area)",30+ days ago,https://www.indeed.com/viewjob?jk=7ed7200d24f0561d,jl_7ed7200d24f0561d
Intern - Communications & Outreach (Houston),Federal Reserve Bank of Dallas,"Dallas, TX",30+ days ago,https://www.indeed.com/viewjob?jk=18694ac21acebd49,jl_18694ac21acebd49
Recruiting Coordinator,The University of Chicago,"Chicago, IL",15 days ago,https://www.indeed.com/viewjob?jk=4f693f3c88f7ad94,jl_4f693f3c88f7ad94
Content Strategist,University of Colorado,"Denver, CO",6 days ago,https://www.indeed.com/viewjob?jk=5b3b659c4bc851de,jl_5b3b659c4bc851de
"Account Coordinator, Healthcare",Ketchum,"New York, NY",30+ days ago,https://www.indeed.com/viewjob?jk=76a7a04735abbf86,jl_76a7a04735abbf86
Spring Media Research Intern,Save the Children,"Washington, DC",22 days ago,https://www.indeed.com/viewjob?jk=562f3ae8b5f4df61,jl_562f3ae8b5f4df61
ACCOUNT ASSISTANT,Koch Communications,"Oklahoma City, OK",28 days ago,https://www.indeed.com/viewjob?jk=b5d4f5a1f23f1a43,jl_b5d4f5a1f23f1a43
FindLaw Content Marketer Internship - Summer 2019,Thomson Reuters,"Eagan, MN 55123",30+ days ago,https://www.indeed.com/viewjob?jk=54921b7dabb1cbb3,jl_54921b7dabb1cbb3
"NEA Communications Winter/Spring 2019 Intern (Stipend, 5 Positions)",National Education Association (NEA),"Washington, DC",8 days ago,https://www.indeed.com/viewjob?jk=e59b348aa2d2b7c6,jl_e59b348aa2d2b7c6
Marketing Copywriter,Focal Point Data Risk LLC,"Tampa, FL",19 days ago,https://www.indeed.com/viewjob?jk=faef234c30bfc828,jl_faef234c30bfc828
Communication/Public Affairs Specialist (Entry Level),ERM Group,"Pittsburgh, PA",7 days ago,https://www.indeed.com/viewjob?jk=5adcbaee3b6a099d,jl_5adcbaee3b6a099d
Content Management/Social Media Intern,MOONEY INTERNATIONAL CORPORATION,"Kerrville, TX 78028",12 days ago,https://www.indeed.com/viewjob?jk=5e68d5f3d6885f7f,jl_5e68d5f3d6885f7f
Marketing And Operations Intern - Needed Asap,Launch 3 Telecom,"Fairfield, NJ",30+ days ago,https://www.indeed.com/viewjob?jk=8f7e6ed583ab150a,jl_8f7e6ed583ab150a
Content Marketing Coordinator,Betterment LLC,"New York, NY 10013 (Tribeca area)",8 days ago,https://www.indeed.com/viewjob?jk=db11db1dbbb368f3,jl_db11db1dbbb368f3
Intern - Information and Media Practice (I&M),IREX,"Washington, DC",28 days ago,https://www.indeed.com/viewjob?jk=2fe98e4f1098ecd9,jl_2fe98e4f1098ecd9
Student Programs Advisor I,USC,"Los Angeles, CA",30+ days ago,https://www.indeed.com/viewjob?jk=8bcce41d595ffcde,jl_8bcce41d595ffcde
"Account Coordinator, Transportation",Ketchum,"Los Angeles, CA 90066",30+ days ago,https://www.indeed.com/viewjob?jk=f9d4eccfc106bb74,jl_f9d4eccfc106bb74
Milwaukee Magazine Sales and Marketing Intern- Spring 2019,Quad/Graphics,"Milwaukee, WI",14 days ago,https://www.indeed.com/viewjob?jk=0e073845cd50a38a,jl_0e073845cd50a38a
Marketing Coordinator - Portland,"Water Systems Consulting, Inc.","Portland, OR",1 day ago,https://www.indeed.com/viewjob?jk=1e41faf1885bafa1,jl_1e41faf1885bafa1
Intern - Solutions Sales (Fall 2018),ENGIE North America Inc.,"Houston, TX",12 days ago,https://www.indeed.com/viewjob?jk=f7c51a3e38a81eda,jl_f7c51a3e38a81eda
Marketing and Outreach Intern:,Pride center of Vermont,"Burlington, VT",13 days ago,https://www.indeed.com/viewjob?jk=78052fcc4b199c6f,jl_78052fcc4b199c6f
SEO Specialist,WebpageFX,"Harrisburg, PA",4 days ago,https://www.indeed.com/viewjob?jk=c4f853c84851ce7d,jl_c4f853c84851ce7d
Marketing Intern,Capitol Federal,"Topeka, KS 66603",30+ days ago,https://www.indeed.com/viewjob?jk=582ba9363c090509,jl_582ba9363c090509
Digital Marketing & Communications Intern,Texas Instruments,"Dallas, TX 75243 (Northeast Dallas area)",30+ days ago,https://www.indeed.com/viewjob?jk=220352629590043e,jl_220352629590043e
Marketing & Promotions Assistant,Indianapolis Indians,"Indianapolis, IN",21 days ago,https://www.indeed.com/viewjob?jk=af835e8b4223035e,jl_af835e8b4223035e
Marketing Coordinator,"Lake Junaluska Assembly, Inc","Lake Junaluska, NC",30+ days ago,https://www.indeed.com/viewjob?jk=6e6eec870c599014,jl_6e6eec870c599014
"Portland, OR - Digital Fundraising Communications Intern",Mercy Corps,"Portland, OR 97204 (Downtown area)",30+ days ago,https://www.indeed.com/viewjob?jk=10e6374eb84f0c78,jl_10e6374eb84f0c78
"Account Coordinator, Professional Services",Ketchum,"Raleigh, NC",30+ days ago,https://www.indeed.com/viewjob?jk=b4792c302bf62520,jl_b4792c302bf62520
Email Content Specialist - Digital,Meredith Corporation,"Seattle, WA",30+ days ago,https://www.indeed.com/viewjob?jk=92414ba2c0eeb767,jl_92414ba2c0eeb767
"Consultant, Digital -- Strategic Communications","FTI Consulting, Inc.","New York, NY 10005 (Financial District area)",29 days ago,https://www.indeed.com/viewjob?jk=0cddd78e9f99f76e,jl_0cddd78e9f99f76e
Alight Campus - Communication Specialist,Alight Solutions,"Atlanta, GA",30+ days ago,https://www.indeed.com/viewjob?jk=6b614c1a8e6be25d,jl_6b614c1a8e6be25d
Marketing Intern,UHS Corporate,"King of Prussia, PA 19406",6 days ago,https://www.indeed.com/viewjob?jk=bf5e5eb35230db70,jl_bf5e5eb35230db70
Jr. Online Advertising Specialist - Creative Track,WebpageFX,"Harrisburg, PA",4 days ago,https://www.indeed.com/viewjob?jk=9c2b201050719e4a,jl_9c2b201050719e4a
Career Consulting Communications Summer Intern - College Program 2019,Mercer,"New York, NY 10013 (Tribeca area)",30+ days ago,https://www.indeed.com/viewjob?jk=9bad459109f2329c,jl_9bad459109f2329c
Marketing Manager,Digital First Media,"San Jose, CA",29 days ago,https://www.indeed.com/viewjob?jk=2a2a76139e1bf2e1,jl_2a2a76139e1bf2e1
Digital Marketing and Design Intern (Spring 2019),Downtown Music Publishing,"New York, NY",15 days ago,https://www.indeed.com/viewjob?jk=5c8169fcbb2e200e,jl_5c8169fcbb2e200e
Marketing Manager,Projectline,"Seattle, WA",4 days ago,https://www.indeed.com/viewjob?jk=14f37042b2706a92,jl_14f37042b2706a92
Social and Digital Media Coordinator,Colorado State University,"Fort Collins, CO",11 days ago,https://www.indeed.com/viewjob?jk=29e0796dfdc6e139,jl_29e0796dfdc6e139
Communications Intern - Unpaid,Coalition for Juvenile Justice,"Washington, DC 20004 (Downtown area)",30+ days ago,https://www.indeed.com/viewjob?jk=ab1785cc6069dfd1,jl_ab1785cc6069dfd1
"Jr. Content Marketer and Promoter (Harrisburg, PA)",WebpageFX,"Harrisburg, PA",4 days ago,https://www.indeed.com/viewjob?jk=2f344ba5b1d5d592,jl_2f344ba5b1d5d592
Digital Content & Social Media Intern (Fall Semester),National Lacrosse League,"Philadelphia, PA",30+ days ago,https://www.indeed.com/viewjob?jk=0490dd5cd0f8a44e,jl_0490dd5cd0f8a44e
INTERN - PUBLIC INFORMATION / News Monitoring [Temporary],United Nations,"New York, NY",30+ days ago,https://www.indeed.com/viewjob?jk=6c7efb54ea7ddd88,jl_6c7efb54ea7ddd88
"Spring Intern - Videographer - HR-Leadership, Education & Development",Sanford Health,"Sioux Falls, SD 57117",4 days ago,https://www.indeed.com/viewjob?jk=543e5c74e29a3b66,jl_543e5c74e29a3b66
"Jr Online PR Specialist (Digital Public Relations / Blogger) (Harrisburg, PA)",WebpageFX,"Harrisburg, PA",4 days ago,https://www.indeed.com/viewjob?jk=f4f01cd9ba26acfd,jl_f4f01cd9ba26acfd
Jr. Digital Communications Account Manager,WebpageFX,"Harrisburg, PA",4 days ago,https://www.indeed.com/viewjob?jk=0550d6c43e694cd5,jl_0550d6c43e694cd5
Jr. Digital Marketing Specialist - Strategy Track,WebpageFX,"Harrisburg, PA",4 days ago,https://www.indeed.com/viewjob?jk=a44b90c81d4c741a,jl_a44b90c81d4c741a
"Account Executive, Influencer Strategy",Ketchum,"New York, NY",30+ days ago,https://www.indeed.com/viewjob?jk=1831a8d02fc41546,jl_1831a8d02fc41546
Jr. Internet Marketing Account Executive,WebpageFX,"Harrisburg, PA",4 days ago,https://www.indeed.com/viewjob?jk=3b7ad519bbbbc154,jl_3b7ad519bbbbc154
Term-tenure track position in Public History,Messiah College,"Mechanicsburg, PA 17055",14 days ago,https://www.indeed.com/viewjob?jk=94658fbf8d73a7e4,jl_94658fbf8d73a7e4
"Tenure-Track Assistant Professor of Mass Communication - Journalism Program- commencing September 1, 2019",St. John's University,"Queens, NY",30+ days ago,https://www.indeed.com/viewjob?jk=6ccc1037e1ab71c4,jl_6ccc1037e1ab71c4
"Assistant Director, Career Services",Columbia University,"New York, NY",6 hours ago,https://www.indeed.com/viewjob?jk=35e101a2650385ef,jl_35e101a2650385ef
Jr. Web Marketing Specialist - Analytics Track,WebpageFX,"Harrisburg, PA",4 days ago,https://www.indeed.com/viewjob?jk=4dec8b80b342e757,jl_4dec8b80b342e757
"Associate Dean, College of Arts and Sciences",Shippensburg University,"Shippensburg, PA 17257",25 days ago,https://www.indeed.com/viewjob?jk=4e16d99bc2907efd,jl_4e16d99bc2907efd
B2B Marketing Communications Content Specialist,Arconic,"Norcross, GA",20 days ago,https://www.indeed.com/viewjob?jk=7f9d1fda304e6c89,jl_7f9d1fda304e6c89
Data Journalist Internship,Turbine Labs,"Greenwood Village, CO",21 days ago,https://www.indeed.com/viewjob?jk=beba161137baf2d1,jl_beba161137baf2d1
Journalism Internship,Queens Of Kings Agency,"Atlanta, GA",4 days ago,https://www.indeed.com/viewjob?jk=054139ddbaef3ea7,jl_054139ddbaef3ea7
USA TODAY NETWORK Business Analyst Summer 2019 Internship,Gannett,"Tysons, VA 22102",30+ days ago,https://www.indeed.com/viewjob?jk=ce0c60c512a9a6ec,jl_ce0c60c512a9a6ec
Summer 2019 Graphics Internship,The Seattle Times,"Seattle, WA",18 days ago,https://www.indeed.com/viewjob?jk=6403e34678c3c1bf,jl_6403e34678c3c1bf
Summer 2019 David Boardman Investigative Reporting Internship,The Seattle Times,"Seattle, WA",18 days ago,https://www.indeed.com/viewjob?jk=ce8ffa358bfff995,jl_ce8ffa358bfff995
Religious Studies Summer 2019 College Internship,International Order of the King's Daughters and So...,"Chautauqua, NY 14722",30 days ago,https://www.indeed.com/viewjob?jk=14277d0b2a353efb,jl_14277d0b2a353efb
Marketing Internship,Kallpachay Spanish Immersion,"Silver Lake, CA",19 days ago,https://www.indeed.com/viewjob?jk=87ede80a1de52364,jl_87ede80a1de52364
Production Assistant Intern,Horror Queen Media,"Houston, TX",3 days ago,https://www.indeed.com/viewjob?jk=57ac57328e34a244,jl_57ac57328e34a244
"STUDENT INTERNSHIP MARKETING, JOURNALISM AND WEBSITE S.E.O.",Certified Accounting,"Chicago, IL",13 days ago,https://www.indeed.com/viewjob?jk=b929e03b3a07a3f8,jl_b929e03b3a07a3f8
USA TODAY Graphics and Audience Spring 2018 Internship,Gannett,"Tysons, VA 22102",12 hours ago,https://www.indeed.com/viewjob?jk=1e492240ec43ac73,jl_1e492240ec43ac73
Fashion online boutique internship,Dual Style,"Staten Island, NY 10314 (Richmondtown area)",30+ days ago,https://www.indeed.com/viewjob?jk=923d81dc3c1f8401,jl_923d81dc3c1f8401
"Intern, Research #530-19",American Public Media,"Saint Paul, MN 55101",1 day ago,https://www.indeed.com/viewjob?jk=1f428627045b4d6a,jl_1f428627045b4d6a
Research Intern,Tonic Books Publishing,"Portland, OR 97202 (Reed area)",24 days ago,https://www.indeed.com/viewjob?jk=8e90f67ba2b3a831,jl_8e90f67ba2b3a831
Digital Marketing Internship,CurvedView.com,"Nashville, TN 37210 (Woodbine area)",16 days ago,https://www.indeed.com/viewjob?jk=da0a90db981230e0,jl_da0a90db981230e0
Rolling Stone: Photo Intern – Fall 2018,Penske Media Corp.,"New York, NY 10017 (Midtown area)",27 days ago,https://www.indeed.com/viewjob?jk=677397e21285271e,jl_677397e21285271e
Rolling Stone: Video Intern – Fall 2018,Penske Media Corp.,"New York, NY 10017 (Midtown area)",27 days ago,https://www.indeed.com/viewjob?jk=c31d0326fd558bb4,jl_c31d0326fd558bb4
Media Monitoring Intern,Media Matters for America,"Washington, DC 20001 (Shaw area)",30+ days ago,https://www.indeed.com/viewjob?jk=d8661ecb6db92c4c,jl_d8661ecb6db92c4c
Development and Events Internship -Spring 2019,Newseum,"Washington, DC 20001 (Shaw area)",18 days ago,https://www.indeed.com/viewjob?jk=d4f9109a8decb16c,jl_d4f9109a8decb16c
Spy.com Editorial Internship Fall Semester 2018 - LA,Penske Media Corp.,"Los Angeles, CA 90025",30+ days ago,https://www.indeed.com/viewjob?jk=7641a53e0fad7f7f,jl_7641a53e0fad7f7f
PR & Events Intern - Spring 2019,"LEGACY Consulting, PR & Events","Franklin, TN",1 day ago,https://www.indeed.com/viewjob?jk=5c7ded294790aa7b,jl_5c7ded294790aa7b
Online Marketing Internship for North America,Lomography,"New York, NY",30+ days ago,https://www.indeed.com/viewjob?jk=1bb37d322a568bca,jl_1bb37d322a568bca
"Intern, APM Reports",American Public Media,"Saint Paul, MN 55101",1 day ago,https://www.indeed.com/viewjob?jk=3476d2a16316da53,jl_3476d2a16316da53
Marketing Internship - Fall 2018,Splash,"New York, NY",30+ days ago,https://www.indeed.com/viewjob?jk=f7c1f40d1e9fedff,jl_f7c1f40d1e9fedff
Social Media Internship,RE/MAX Cortiers,"College Station, TX 77845",21 days ago,https://www.indeed.com/viewjob?jk=1a5de852366da8b0,jl_1a5de852366da8b0
Communications Intern,Center for Global Development,"Washington, DC 20036 (Downtown area)",4 days ago,https://www.indeed.com/viewjob?jk=f088cf2d246be873,jl_f088cf2d246be873
Unpaid Internship: “Communicate Our Mission” – Spring 2019,American Red Cross Greater New York,"New York, NY",19 days ago,https://www.indeed.com/viewjob?jk=276e1cea839eb1b1,jl_276e1cea839eb1b1
Social Media Intern - NexLP,1871,"Chicago, IL",6 days ago,https://www.indeed.com/viewjob?jk=b61ac38dffbc5204,jl_b61ac38dffbc5204
Social Media Internship,Furtrieve,"Indianapolis, IN 46268",30+ days ago,https://www.indeed.com/viewjob?jk=b8813ea3f5f723af,jl_b8813ea3f5f723af
Unpaid Marketing Internship,Euro School of Tennis,"Tracy, CA",17 days ago,https://www.indeed.com/viewjob?jk=39749962d634aecd,jl_39749962d634aecd
Marketing Intern,Paula Faerman Photography,"Toms River, NJ",12 hours ago,https://www.indeed.com/viewjob?jk=27d9607483d23f56,jl_27d9607483d23f56
Creative Writing Intern,CDP,"Troy, MI 48098",11 days ago,https://www.indeed.com/viewjob?jk=10a3e3b52a5c1686,jl_10a3e3b52a5c1686
Fall Intern,D.C. Witness,"Washington, DC",25 days ago,https://www.indeed.com/viewjob?jk=239e52e327c70b17,jl_239e52e327c70b17
"Intern, Brand - Marketplace (Los Angeles Bureau) #524-19",American Public Media,"Los Angeles, CA 90012",30+ days ago,https://www.indeed.com/viewjob?jk=d58b39fd4036261b,jl_d58b39fd4036261b
Junior Content Strategist,Greenlane,"Boca Raton, FL 33487",30+ days ago,https://www.indeed.com/viewjob?jk=4291ae568b9be2af,jl_4291ae568b9be2af
Marketing Intern,CDP,"Troy, MI 48098",11 days ago,https://www.indeed.com/viewjob?jk=cf9e334a30245492,jl_cf9e334a30245492
"Analyst, Domain Expert",Dataminr,"Seattle, WA",29 days ago,https://www.indeed.com/viewjob?jk=11a8236ba59baa92,jl_11a8236ba59baa92
Community & Social Media Interns,YourTango,"New York, NY",30+ days ago,https://www.indeed.com/viewjob?jk=048073183a4bf858,jl_048073183a4bf858
Content Marketing Intern,Alice,"San Francisco Bay Area, CA",6 days ago,https://www.indeed.com/viewjob?jk=3a18b3eded4c7fa3,jl_3a18b3eded4c7fa3
Interactive Multimedia Intern,108 PRAISE RADIO,"Tucker, GA",30+ days ago,https://www.indeed.com/viewjob?jk=f125e23d9af2f616,jl_f125e23d9af2f616
INTERACTIVE MEDIA INTERN,Swinomish Casino,"Anacortes, WA",30+ days ago,https://www.indeed.com/viewjob?jk=f35f872a06426041,jl_f35f872a06426041
Publishing/Editorial Internship,Valerie M. Jones Associates,"Media, PA",30 days ago,https://www.indeed.com/viewjob?jk=f74540a08f234d9f,jl_f74540a08f234d9f
Marketing Analytics Intern (Spring 2019),First Look Media,"New York, NY",22 days ago,https://www.indeed.com/viewjob?jk=1645245c3ad07ec1,jl_1645245c3ad07ec1
Digital Marketing Intern,REPLI,"Norcross, GA 30071",25 days ago,https://www.indeed.com/viewjob?jk=f80cc7e2cf5a69cb,jl_f80cc7e2cf5a69cb
Lunar Startups Marketing Fellow,American Public Media,"Saint Paul, MN 55102 (West 7th area)",1 day ago,https://www.indeed.com/viewjob?jk=239654546a473382,jl_239654546a473382
Brains On Science Fellow #527-19,American Public Media,"Saint Paul, MN 55101",1 day ago,https://www.indeed.com/viewjob?jk=03c4b69402fa7d5b,jl_03c4b69402fa7d5b
Marketing Intern - Fall,Bevvi,"New York, NY",4 days ago,https://www.indeed.com/viewjob?jk=1bd6e4f125f95db4,jl_1bd6e4f125f95db4
Marketing Intern,Advantech,"Milpitas, CA 95035",10 days ago,https://www.indeed.com/viewjob?jk=9c3aca8243326ae7,jl_9c3aca8243326ae7
Digital Marketing Intern,"ProSales Connection, LLC","Spring, TX",1 day ago,https://www.indeed.com/viewjob?jk=65bc78463b84395c,jl_65bc78463b84395c
Public Relations Intern,Skillz Inc.,"San Francisco, CA",4 days ago,https://www.indeed.com/viewjob?jk=eaad86c90d70879b,jl_eaad86c90d70879b
Digital Marketing Specialist Intern,REPLI,"Norcross, GA 30071",25 days ago,https://www.indeed.com/viewjob?jk=076bf784116b20fe,jl_076bf784116b20fe
Video Intern,Group Nine Media,"New York, NY",30+ days ago,https://www.indeed.com/viewjob?jk=51046b267ae4eeef,jl_51046b267ae4eeef
Part-Time Journalist Intern,"CMMS Data Group, Inc.","Chicago, IL",30+ days ago,https://www.indeed.com/viewjob?jk=248f05af1e6285e4,jl_248f05af1e6285e4
Content Marketing Analyst (FT),FormSwift,"San Francisco, CA",25 days ago,https://www.indeed.com/viewjob?jk=e6bc4e2571a8b5b5,jl_e6bc4e2571a8b5b5
Digital Marketing Intern,3 Men Movers,"Houston, TX 77074 (Bellaire area)",30+ days ago,https://www.indeed.com/viewjob?jk=2a1e4f34ab04665c,jl_2a1e4f34ab04665c
Content Writing Intern (Biology Background Required),ABclonal Technology,"Boston, MA",30+ days ago,https://www.indeed.com/viewjob?jk=1851754fd4dd995e,jl_1851754fd4dd995e
Part-Time Journalist Intern,CMMS Data Group,"Chicago, IL",30+ days ago,https://www.indeed.com/viewjob?jk=e742c878666927c0,jl_e742c878666927c0
"Science Communication Fellow, The Water Main",American Public Media,"Saint Paul, MN 55101",1 day ago,https://www.indeed.com/viewjob?jk=4f35e955caaeb6a0,jl_4f35e955caaeb6a0
Communications Coordinator,Glenville State College,"Glenville, WV 26351",29 days ago,https://www.indeed.com/viewjob?jk=29edbb1efdbf12b2,jl_29edbb1efdbf12b2
Community Manager (Entry Level),Data Science Dojo,"Redmond, WA 98052",26 days ago,https://www.indeed.com/viewjob?jk=47ce76ace8fe0dda,jl_47ce76ace8fe0dda
FaceTory Influencer Marketing Intern,FaceTory Inc,"Brea, CA 92821",30+ days ago,https://www.indeed.com/viewjob?jk=2227b2bad20223d6,jl_2227b2bad20223d6
Marketing/Communication Intern,"CGH Technologies, Inc.","Washington, DC 20024 (South West area)",30+ days ago,https://www.indeed.com/viewjob?jk=97521bf6d8a467fc,jl_97521bf6d8a467fc
